metric,ave,min,max
ClipUy,5.1923212209,-0.0412935987115,11.6404495239
ClipUx,7.31590414305,7.21846008301,7.34535551071
