metric,ave,min,max
ClipUy,3.8994879923,-0.026728797704,9.49057006836
ClipUx,5.23958482869,5.14500999451,5.26690864563
