metric,ave,min,max
ClipUy,3.46137796398,-0.0286161489785,7.28167009354
ClipUx,4.99796933017,4.90367984772,5.02496576309
