metric,ave,min,max
ClipUy,4.0631867383,-0.0304598994553,8.27937316895
ClipUx,6.09832312732,6.00246524811,6.1266002655
